/********************************************************
* This script inserts the database data 
  __ _ _   _ _ __ ___  
 / _` | | | | '_ ` _ \ 
| (_| | |_| | | | | | |
 \__, |\__, |_| |_| |_|
  __/ | __/ |          
 |___/ |___/       
*********************************************************/

INSERT INTO membership (membership_type, price)
	VALUES('bronze', 23.20),
		('silver', 30.50),
		('gold', 40.89),
		('platin', 55.69),
        ('diamant', 70.20);

INSERT INTO customer (membership_id, first_name, last_name, street, postal_code, email, phone, iban, joining_date, hours, last_login, birthday) 
	VALUES(2, 'Emil', 'Schmidt', 'Adlerstieg 1', 78990, 'EmilSchmidt@mail.com', '017633382', 'DE26506417319508888619', '2021-3-9', 229, '1992-3-1 20:2:26', '1993-2-25'),
		(5, 'Anton', 'Schneider', 'Adolf-Reichwein-Str. 80', 96504, 'AntonSchneider@mail.com', '0176272323', 'DE91910894155404817012', '2020-9-2', 36, '1991-2-11 7:22:47', '1951-12-6'),
		(1, 'Finn', 'Fischer', 'Adrian-Beier-Stieg 77', 24994, 'FinnFischer@mail.com', '017699060', 'DE92984832156459957591', '1991-1-7', 224, '2020-2-1 10:29:36', '2001-5-26'),
		(2, 'Moritz', 'Weber', 'Ahornstr. 4', 71256, 'MoritzWeber@mail.com', '017695105', 'DE20046405738838157150', '1995-1-10', 96, '1993-12-3 9:48:14', '1964-8-4'),
		(4, 'Paul', 'Meyer', 'Ahornweg 60', 98870, 'PaulMeyer@mail.com', '0176353544', 'DE86240202476599807790', '2010-2-11', 391, '2001-7-22 12:34:39', '1969-11-10'),
		(4, 'Oskar', 'Wagner', 'Akazienweg 5', 76027, 'OskarWagner@mail.com', '0176401314', 'DE70684383758296675146', '1998-5-23', 273, '2014-7-12 7:10:56', '1990-9-9'),
		(2, 'Adam', 'Becker', 'Albert-Einstein-Str. 77', 93624, 'AdamBecker@mail.com', '0176543877', 'DE10550219418284966558', '2017-6-5', 298, '2002-8-1 4:54:28', '1958-10-16'),
		(1, 'Carl', 'Schulz', 'Alexander-Puschkin-Platz 72', 66553, 'CarlSchulz@mail.com', '017646681', 'DE74265430233016989941', '2006-11-5', 230, '1999-10-17 21:33:4', '1973-10-3'),
		(3, 'Lukas', 'Hoffmann', 'Alfred-Diener-Str. 59', 15851, 'LukasHoffmann@mail.com', '0176508390', 'DE56714458619143958082', '1993-11-21', 215, '1991-6-5 15:42:8', '1962-5-23'),
		(5, 'Malte', 'Koch', 'Alte Dorfstr. 23', 85757, 'MalteKoch@mail.com', '0176236105', 'DE52552928995897282041', '2006-11-16', 324, '2011-3-1 12:32:35', '1999-6-8'),
		(4, 'Vincent', 'Bauer', 'Alte Hauptstr. 87', 37578, 'VincentBauer@mail.com', '0176462753', 'DE65560143538912982390', '2014-10-22', 43, '1994-9-8 9:20:33', '1996-3-23'),
		(3, 'Maxim', 'Richter', 'Alte Str. 1', 71755, 'MaximRichter@mail.com', '0176231480', 'DE20322707636423595655', '2022-8-10', 329, '2006-12-18 7:51:26', '1993-10-24'),
		(5, 'Max', 'Klein', 'Alte Wiesenstr. 24', 90549, 'MaxKlein@mail.com', '017631187', 'DE77473894061564180258', '1994-7-11', 302, '2015-9-27 16:46:3', '1975-7-11'),
		(5, 'Milan', 'Wolf', 'Altenburger Str. 38', 26338, 'MilanWolf@mail.com', '0176461367', 'DE75207594556423902467', '2000-10-24', 262, '2009-12-3 10:14:2', '1968-2-15'),
		(2, 'Valentin', 'Neumann', 'Alter Handelsweg 44', 94673, 'ValentinNeumann@mail.com', '017633114', 'DE17842298454421804138', '2001-3-21', 260, '1994-7-22 19:58:31', '1958-11-2'),
		(4, 'Karl', 'Schwarz', 'Am alten Gaswerk 16', 16963, 'KarlSchwarz@mail.com', '0176336552', 'DE96829693247595236121', '2004-6-18', 4, '2011-10-22 3:22:12', '1995-9-14'),
		(3, 'Jonah', 'Zimmermann', 'Am Alten Schloss 19', 34920, 'JonahZimmermann@mail.com', '0176393004', 'DE10784110054461643921', '2009-12-5', 357, '2011-6-18 1:12:0', '1951-9-10'),
		(5, 'Noah', 'Braun', 'Am alten Weinberg 94', 47740, 'NoahBraun@mail.com', '0176103009', 'DE18853203622249197172', '2009-2-13', 146, '1993-12-14 8:7:3', '1974-8-21'),
		(2, 'Johann', 'Hofmann', 'Am Anger 27', 23406, 'JohannHofmann@mail.com', '0176658706', 'DE46056874054488966479', '2000-7-1', 209, '2021-5-17 1:34:50', '1965-11-5'),
		(5, 'Leon', 'Hartmann', 'Am Bahnhof 77', 37435, 'LeonHartmann@mail.com', '0176471290', 'DE40090575031221179169', '1998-1-18', 192, '2012-11-20 10:30:31', '1983-7-3'),
		(4, 'Jonas', 'Schmitt', 'Am Berg 85', 55944, 'JonasSchmitt@mail.com', '0176951026', 'DE86520821414390319523', '2022-9-3', 352, '2002-5-23 22:18:30', '1977-12-26'),
		(2, 'Richard', 'Schmitz', 'Am Birnstiel 45', 74992, 'RichardSchmitz@mail.com', '0176938861', 'DE73294819085388579297', '2019-2-18', 313, '1990-11-7 16:1:24', '1992-7-27'),
		(4, 'Fiete', 'Lange', 'Am Bornberg 35', 94788, 'FieteLange@mail.com', '0176424834', 'DE16042805275154503366', '1996-2-4', 400, '1998-3-23 8:40:59', '1985-10-16'),
		(2, 'Bruno', 'Werner', 'Am Borngarten 76', 65586, 'BrunoWerner@mail.com', '0176939421', 'DE92770800279743345394', '2011-4-16', 200, '2017-10-13 5:21:15', '1951-1-9'),
		(1, 'Theo', 'Krause', 'Am Burggarten 23', 51865, 'TheoKrause@mail.com', '0176469470', 'DE20223140385858010760', '1998-2-16', 390, '1994-3-18 17:30:18', '1991-8-10'),
		(2, 'Felix', 'Meier', 'Am Burggraben 30', 62707, 'FelixMeier@mail.com', '0176280712', 'DE94438294311464149060', '1990-1-5', 221, '2017-9-1 19:33:36', '1976-7-6'),
		(2, 'Fritz', 'Schmid', 'Am Denkmal 53', 79222, 'FritzSchmid@mail.com', '0176323717', 'DE34828093896310266918', '2000-7-5', 180, '1995-3-13 22:35:27', '1971-12-5'),
		(4, 'Matteo', 'Maier', 'Am Dorfplatz 67', 84290, 'MatteoMaier@mail.com', '0176529857', 'DE24479654685933509086', '1993-9-26', 200, '2017-5-14 19:5:56', '1962-7-13'),
		(1, 'Edgar', 'Lehmann', 'Am Egelsee 2', 65960, 'EdgarLehmann@mail.com', '0176748128', 'DE69310921970553961859', '1992-2-6', 271, '2011-9-10 20:35:54', '1958-2-19'),
		(5, 'Ferdinand', 'Mayer', 'Am Flutgraben 29', 33394, 'FerdinandMayer@mail.com', '0176342731', 'DE55204883257145176155', '1993-7-11', 52, '2011-6-27 17:34:49', '1969-8-10'),
		(2, 'Samuel', 'Walter', 'Am Freiberg 43', 53418, 'SamuelWalter@mail.com', '0176954963', 'DE85304176868915807527', '2009-2-10', 325, '2000-7-24 13:17:27', '1951-12-23'),
		(5, 'Arthur', 'Huber', 'Am Friedensberg 99', 96449, 'ArthurHuber@mail.com', '0176751418', 'DE79266910551447080092', '2018-7-24', 177, '2018-7-6 17:57:59', '2001-9-8'),
		(5, 'Tom', 'Herrmann', 'Am Friedhof 1', 62846, 'TomHerrmann@mail.com', '0176973525', 'DE22466176498803013618', '1996-7-26', 154, '1993-4-15 10:6:58', '1964-9-21'),
		(2, 'Friedrich', 'Kaiser', 'Am Goethepark 29', 34557, 'FriedrichKaiser@mail.com', '017641241', 'DE15859918616065165039', '2022-9-6', 52, '2014-7-14 17:28:3', '1952-2-21'),
		(2, 'Jonathan', 'Schulze', 'Am Goldberg 25', 12349, 'JonathanSchulze@mail.com', '017696158', 'DE46564376426940815249', '2000-10-25', 33, '2011-2-7 1:11:33', '2001-9-26'),
		(1, 'Niklas', 'Peters', 'Am Hain 87', 35876, 'NiklasPeters@mail.com', '0176666421', 'DE25033518086353427452', '2012-3-8', 324, '2013-3-9 21:39:31', '1964-2-6'),
		(5, 'Elias', 'Fuchs', 'Am Hang 82', 62334, 'EliasFuchs@mail.com', '0176117688', 'DE37178532858246334955', '1993-8-15', 131, '1994-5-7 17:50:55', '1989-4-11'),
		(1, 'Henry', 'Lang', 'Am Heiligenberg 67', 59586, 'HenryLang@mail.com', '0176410867', 'DE18755548048215458039', '1996-3-5', 237, '2013-12-12 15:9:7', '1990-7-16'),
		(2, 'Linus', 'Scholz', 'Am Heinrichsberg 81', 41244, 'LinusScholz@mail.com', '0176548574', 'DE54906393259034128399', '2001-10-26', 114, '2020-10-21 6:48:0', '1955-7-19'),
		(3, 'Jakob', 'Jung', 'Am Herrenberge 78', 24445, 'JakobJung@mail.com', '0176638133', 'DE39856388754642793665', '2015-11-15', 301, '2005-6-13 1:22:21', '1989-3-11'),
		(2, 'Maximilian', 'Hahn', 'Am Hirschberge 97', 45813, 'MaximilianHahn@mail.com', '0176949544', 'DE40454782074748702473', '1997-10-6', 92, '2020-11-4 22:35:23', '1968-11-21'),
		(2, 'Juri', 'Keller', 'Am Jagdberg 83', 67439, 'JuriKeller@mail.com', '0176372055', 'DE42487528497815424916', '1996-10-10', 242, '2004-9-5 11:51:18', '1952-5-6'),
		(2, 'Lasse', 'Roth', 'Am Jenzig 44', 12619, 'LasseRoth@mail.com', '017642995', 'DE80498874394919306358', '2015-7-19', 190, '1992-9-18 4:12:51', '1958-12-9'),
		(4, 'Benedikt', 'Vogel', 'Am Johannisberg 66', 30546, 'BenediktVogel@mail.com', '0176637099', 'DE60227222680709733186', '2015-3-3', 328, '1996-11-23 21:8:40', '1976-6-7'),
		(1, 'Mark', 'Frank', 'Am Johannisfriedhof 19', 40180, 'MarkFrank@mail.com', '0176313923', 'DE77692463820532358648', '1990-11-1', 100, '1992-10-20 9:44:56', '1958-12-12'),
		(3, 'Alfred', 'Schubert', 'Am Kaiserberg 52', 56107, 'AlfredSchubert@mail.com', '0176174946', 'DE60466089914659193960', '2022-6-9', 321, '1999-8-9 21:31:42', '1959-2-16'),
		(1, 'Alexander', 'Friedrich', 'Am Katzenstein 23', 23353, 'AlexanderFriedrich@mail.com', '0176330659', 'DE24712046491516751663', '1996-1-9', 91, '2000-3-27 7:35:49', '1960-6-23'),
		(2, 'Hannes', 'Berger', 'Am Klosterhof 96', 53820, 'HannesBerger@mail.com', '0176531326', 'DE66205393371813149358', '1990-3-18', 344, '2010-10-3 23:50:46', '1982-10-21'),
		(2, 'Emilian', 'Beck', 'Am Knollen 20', 64304, 'EmilianBeck@mail.com', '0176823187', 'DE34717533174537418629', '2013-6-7', 258, '2014-2-18 13:25:30', '1951-4-20'),
		(3, 'Hugo', 'Winkler', 'Am Kochersgraben 28', 54871, 'HugoWinkler@mail.com', '0176144632', 'DE68900868563938963073', '2002-12-2', 109, '2006-5-5 3:16:6', '1978-3-5'),
		(2, 'Lucas', 'Baumann', 'Am Kraftwerk 3', 86793, 'LucasBaumann@mail.com', '0176314316', 'DE23112397033792411966', '2006-2-16', 51, '2018-11-12 5:20:8', '1990-1-6'),
		(2, 'David', 'Lorenz', 'Am Krautgarten 14', 71187, 'DavidLorenz@mail.com', '0176875344', 'DE88484907211512874590', '2021-6-4', 210, '2007-12-5 13:40:39', '1951-2-11'),
		(2, 'Tristan', 'Simon', 'Am Leutrabach 60', 73035, 'TristanSimon@mail.com', '0176896472', 'DE37986076140008851839', '1990-4-6', 290, '2006-7-5 2:20:13', '1957-11-19'),
		(1, 'Simon', 'Albrecht', 'Am Lindenberg 61', 80352, 'SimonAlbrecht@mail.com', '0176172768', 'DE39199880469544858554', '2002-4-25', 117, '2013-1-21 15:14:41', '1983-3-1'),
		(4, 'Till', 'Schumacher', 'Am Loh 80', 24909, 'TillSchumacher@mail.com', '0176444404', 'DE99121432165333034261', '1993-4-19', 308, '2010-2-18 8:25:50', '1972-7-23'),
		(4, 'Wilhelm', 'Winter', 'Am Marstall 7', 59160, 'WilhelmWinter@mail.com', '0176733131', 'DE72375432179082813495', '2005-8-11', 367, '1992-9-5 10:7:35', '1966-11-10'),
		(5, 'Luis', 'Kraus', 'Am Nordfriedhof 27', 33747, 'LuisKraus@mail.com', '0176271547', 'DE47950096074310011443', '2004-6-15', 211, '2008-9-14 14:1:0', '1995-7-26'),
		(3, 'Luka', 'Schuster', 'Am Pfaffenstieg 31', 11343, 'LukaSchuster@mail.com', '0176450553', 'DE19782576325841369937', '1994-5-8', 200, '2000-6-18 0:29:11', '1955-10-17'),
		(1, 'Hauke', 'Ludwig', 'Am Plan 77', 55483, 'HaukeLudwig@mail.com', '017665346', 'DE23338490573647978117', '1991-1-7', 311, '2003-9-17 21:13:12', '1984-1-25'),
		(5, 'Pepe', 'Franke', 'Am Planetarium 100', 47455, 'PepeFranke@mail.com', '0176949903', 'DE93697360899900659895', '2019-8-18', 342, '1994-9-22 3:19:23', '1985-2-27'),
		(5, 'Nils', 'Martin', 'Am Rasen 94', 90417, 'NilsMartin@mail.com', '0176694291', 'DE40587361485962738997', '2009-8-19', 311, '2006-4-9 19:9:21', '1987-4-21'),
		(4, 'Mats', 'Vogt', 'Am Rosenhang 49', 57438, 'MatsVogt@mail.com', '0176968087', 'DE72306957262920334418', '2000-5-19', 360, '2006-6-12 2:27:57', '1972-1-17'),
		(5, 'Lio', 'Stein', 'Am Rosenweg 92', 49332, 'LioStein@mail.com', '017686956', 'DE53527619135197608437', '1990-5-7', 116, '1993-4-18 7:40:43', '1963-12-27'),
		(1, 'Johannes', 'Sommer', 'Am Saaleufer 28', 68877, 'JohannesSommer@mail.com', '0176497773', 'DE71590965481814160384', '2008-9-16', 111, '1996-4-10 16:12:54', '1988-12-10'),
		(1, 'Henri', 'Otto', 'Am Schwabisgraben 18', 50255, 'HenriOtto@mail.com', '0176300791', 'DE12095309093914027816', '2020-1-21', 226, '2010-12-13 6:58:0', '1979-12-23'),
		(4, 'Benjamin', 'Haas', 'Am Spielberg 86', 66438, 'BenjaminHaas@mail.com', '0176275083', 'DE87310744980330496270', '2017-8-9', 107, '2016-9-26 1:17:29', '1974-7-15'),
		(2, 'Ole', 'Schulte', 'Am Stadion 28', 22582, 'OleSchulte@mail.com', '0176585971', 'DE80268515185148230336', '2011-6-6', 196, '2003-1-14 13:50:58', '1967-8-5'),
		(4, 'Arik', 'Brandt', 'Am Steiger 71', 50511, 'ArikBrandt@mail.com', '0176250277', 'DE13239599782483957799', '2022-11-4', 108, '2008-10-24 9:49:8', '1991-3-17'),
		(3, 'Muhammad', 'Graf', 'Am Steinbach 64', 37861, 'MuhammadGraf@mail.com', '0176997049', 'DE31749021464029245839', '2018-9-25', 124, '2011-9-14 12:44:51', '2001-1-25'),
		(3, 'Theodor', 'Schreiber', 'Am Steinborn 62', 55561, 'TheodorSchreiber@mail.com', '0176927951', 'DE64266614384283616276', '2022-5-3', 174, '2001-12-27 10:50:42', '1998-11-4'),
		(3, 'Ludwig', 'Heinrich', 'Am Storchsacker 51', 18967, 'LudwigHeinrich@mail.com', '0176762696', 'DE13271528786853592796', '2011-6-13', 244, '2010-7-27 18:48:11', '1967-11-24'),
		(5, 'Gregor', 'Seidel', 'Am Tanzsaal 68', 51191, 'GregorSeidel@mail.com', '0176820769', 'DE25506966982702981030', '1990-1-6', 89, '1990-12-4 10:25:31', '1984-1-6'),
		(5, 'Livius', 'Ziegler', 'Am Tatzend 66', 21929, 'LiviusZiegler@mail.com', '0176621313', 'DE27923256577811923813', '2019-7-19', 186, '1991-7-11 15:35:42', '1994-1-17'),
		(5, 'Timo', 'Kuhn', 'Am Teich 55', 31432, 'TimoKuhn@mail.com', '0176338256', 'DE91051505413337152426', '2021-8-5', 378, '2014-7-2 19:31:49', '1971-8-26'),
		(1, 'Jannis', 'Hansen', 'Am Volksbad 38', 57181, 'JannisHansen@mail.com', '0176757763', 'DE13356724696062972779', '1994-8-8', 384, '2014-11-13 9:3:46', '1951-8-24'),
		(2, 'Edwin', 'Engel', 'Am Wald 85', 80261, 'EdwinEngel@mail.com', '0176899679', 'DE48488450690692402611', '1993-10-24', 245, '2014-3-21 4:51:50', '1955-12-6'),
		(1, 'Aaron', 'Dietrich', 'Am Wiesenbach 10', 59481, 'AaronDietrich@mail.com', '017684023', 'DE72278544868350107033', '1998-11-7', 190, '2017-11-9 6:11:10', '1953-10-27'),
		(1, 'Ben', 'Busch', 'Am Windknollen 85', 43861, 'BenBusch@mail.com', '0176187530', 'DE67829970287553509119', '1991-11-20', 236, '2004-2-15 17:45:3', '1979-2-12'),
		(1, 'Leopold', 'Pohl', 'Am Winkel 47', 98259, 'LeopoldPohl@mail.com', '0176874012', 'DE75097014254855787578', '2017-6-19', 178, '2012-6-12 0:5:21', '1975-6-1'),
		(1, 'Kilian', 'Thomas', 'Am Zementwerk 73', 82625, 'KilianThomas@mail.com', '0176545643', 'DE75976507472374172679', '2018-3-13', 370, '2014-12-21 12:37:18', '1995-8-23'),
		(3, 'Raphael', 'Horn', 'Ammerbacher Mittelweg 68', 42653, 'RaphaelHorn@mail.com', '0176240375', 'DE37111346768489264455', '2019-12-10', 195, '2014-6-16 6:45:31', '1980-5-19'),
		(1, 'Lennard', 'Bergmann', 'Ammerbacher Oberweg 13', 68416, 'LennardBergmann@mail.com', '0176253462', 'DE30351609016135821893', '2011-3-22', 134, '1991-2-15 14:24:40', '1995-12-5'),
		(1, 'Clemens', 'Sauer', 'Ammerbacher Platte 71', 77999, 'ClemensSauer@mail.com', '0176678493', 'DE85125339620302801556', '2001-1-13', 37, '1995-11-13 22:31:58', '1992-2-15'),
		(2, 'Bjarne', 'Wolff', 'Ammerbacher Str. 72', 45088, 'BjarneWolff@mail.com', '017625494', 'DE97840125622620092971', '2013-6-5', 80, '2006-5-24 1:19:22', '1953-11-6'),
		(2, 'Bela', 'Pfeiffer', 'Amselweg 34', 73009, 'BelaPfeiffer@mail.com', '0176870499', 'DE20868280926231767351', '2001-3-10', 126, '1996-7-11 18:5:45', '1970-11-2'),
		(4, 'Mohammad', 'Ernst', 'Amsterdamer Str. 7', 32780, 'MohammadErnst@mail.com', '0176902452', 'DE37662549678540341652', '2004-3-21', 41, '2018-8-18 1:41:5', '1960-11-22'),
		(1, 'Liam', 'Kramer', 'Amtsgasse 34', 49427, 'LiamKramer@mail.com', '0176459570', 'DE41105933872853877047', '2014-1-5', 36, '1999-9-13 14:32:36', '1952-3-17'),
		(2, 'Friedemann', 'Jansen', 'An den Linden 4', 88983, 'FriedemannJansen@mail.com', '0176638130', 'DE79318337342477462746', '2009-3-21', 277, '1996-5-24 19:41:34', '1976-6-26'),
		(1, 'Gabriel', 'Arnold', 'An der alten Post 26', 68396, 'GabrielArnold@mail.com', '0176282259', 'DE56824395642362924744', '2005-5-19', 68, '2005-4-27 10:50:23', '1954-11-22'),
		(3, 'Fabian', 'Beyer', 'An der Brauerei 35', 31900, 'FabianBeyer@mail.com', '0176883528', 'DE29231000074065349798', '1999-5-3', 384, '2006-9-6 20:8:14', '1972-12-3'),
		(3, 'Egon', 'Voigt', 'An der Diebeskrippe 52', 30300, 'EgonVoigt@mail.com', '0176584160', 'DE26369631039452294972', '2009-2-19', 324, '2016-11-7 11:43:54', '1997-10-18'),
		(4, 'Fynn', 'Petersen', 'An der Eule 21', 54091, 'FynnPetersen@mail.com', '017697238', 'DE22227803217371296233', '1994-9-14', 74, '1993-10-20 7:0:12', '1958-2-7'),
		(3, 'Daniel', 'Seifert', 'An der Kelter 86', 87347, 'DanielSeifert@mail.com', '0176981665', 'DE49925526385303584364', '2020-3-18', 252, '2006-2-15 18:44:35', '1958-10-15'),
		(5, 'Henning', 'Peter', 'An der Kiesgrube 15', 56925, 'HenningPeter@mail.com', '0176818637', 'DE56486861054916659322', '1994-10-25', 64, '2009-7-10 7:59:0', '1977-5-15'),
		(3, 'Artur', 'Franz', 'An der Kirche 35', 50641, 'ArturFranz@mail.com', '0176240081', 'DE75213241866375636695', '2014-12-1', 144, '2001-12-11 2:13:25', '1971-11-24'),
		(5, 'Janne', 'Hermann', 'An der Lehmgrube 32', 58842, 'JanneHermann@mail.com', '0176787891', 'DE63084455121283089751', '2009-8-8', 167, '2012-2-25 0:17:57', '1983-10-21'),
		(2, 'Jannes', 'Lindner', 'An der Leite 44', 66008, 'JannesLindner@mail.com', '0176125907', 'DE76794698038189299256', '1999-11-23', 144, '1998-1-10 8:8:11', '1996-10-4'),
		(5, 'Leonard', 'Kern', 'An der Leutra 98', 92928, 'LeonardKern@mail.com', '017614301', 'DE33775394797749658513', '2015-8-18', 236, '2013-9-20 16:41:50', '1995-3-6'),
		(1, 'Willi', 'Wenzel', 'An der Mauer 76', 85325, 'WilliWenzel@mail.com', '017618512', 'DE63862998616803227147', '2004-12-8', 47, '1998-3-15 6:22:51', '1978-7-18'),
		(4, 'Jan', 'Paul', 'An der Osterwiese 92', 11818, 'JanPaul@mail.com', '0176702015', 'DE23139201651906157375', '1998-5-3', 57, '2005-12-7 0:30:21', '1989-4-24');

INSERT INTO employee ( first_name, last_name, street, postal_code, email, phone, iban, position, birthday)
	VALUES('Hans', 'Kruse', 'An der Peterskirche 44', 49663, 'HansKruse@mail.com', '0176982574', 'DE20279563117531782311', 'Janitor', '1985-3-16'),
		('Rhys', 'Nagel', 'An der Riese 87', 26380, 'RhysNagel@mail.com', '0176895113', 'DE69457549391842815786', 'Housekeeping', '1975-2-25'),
		('Pepi', 'Barth', 'An der Ringwiese 25', 56697, 'PepiBarth@mail.com', '0176108523', 'DE19808615081613943139', 'Instructor', '1983-10-26'),
		('Emilio', 'Wilhelm', 'An der Schule 93', 71698, 'EmilioWilhelm@mail.com', '0176474300', 'DE59338037411657534445', 'Janitor', '1954-1-12'),
		('Duc', 'Ott', 'An der Siedlung 100', 80486, 'DucOtt@mail.com', '0176598420', 'DE90098626198452608192', 'Accountant', '1986-5-5'),
		('Jaron', 'Mohr', 'An der Trebe 2', 40833, 'JaronMohr@mail.com', '0176587858', 'DE20407823018721790554', 'Housekeeping', '1968-10-9'),
		('Ahmad', 'Riedel', 'An der Ziegelei 55', 39555, 'AhmadRiedel@mail.com', '0176211289', 'DE12416366259922340677', 'Instructor', '1976-3-19'),
		('Erik', 'Bock', 'Anemonenweg 87', 17616, 'ErikBock@mail.com', '0176868965', 'DE10028514857651252277', 'Instructor', '1969-6-6'),
		('Qihe', 'Lenz', 'Angergasse 66', 74955, 'QiheLenz@mail.com', '0176976773', 'DE32173842234964388688', 'Trainer', '1981-7-12'),
		('Otto', 'Grimm', 'Anna-Siemsen-Str. 80', 50048, 'OttoGrimm@mail.com', '0176109476', 'DE16430588568609718794', 'CEO', '1985-1-14'),
		('Victor', 'Ritter', 'Anton-Bruckner-Weg 1', 39183, 'VictorRitter@mail.com', '0176518129', 'DE68000571557174577371', 'CEO', '1983-2-14'),
		('Jari', 'Berg', 'Artur-Becker-Str. 85', 10475, 'JariBerg@mail.com', '0176576676', 'DE79035665266147019054', 'Housekeeping', '1986-9-4'),
		('Eneas', 'Langer', 'Arvid-Harnack-Str. 36', 87596, 'EneasLanger@mail.com', '0176452729', 'DE23315838834891207060', 'Accountant', '2001-11-1'),
		('Gustav', 'Kaufmann', 'Aspenweg 14', 18244, 'GustavKaufmann@mail.com', '0176697524', 'DE71278764960536894130', 'Instructor', '1970-8-20'),
		('Kaan', 'Thiel', 'Asternweg 7', 32326, 'KaanThiel@mail.com', '0176190056', 'DE30400971643782935677', 'Instructor', '1974-12-11'),
		('Karam', 'Zimmer', 'Auf dem Forst 44', 74878, 'KaramZimmer@mail.com', '0176860400', 'DE45930583191614891236', 'Instructor', '1962-7-23'),
		('Iyan', 'Hoppe', 'Auf dem Schafberge 78', 68701, 'IyanHoppe@mail.com', '0176877203', 'DE86971598411936672045', 'Housekeeping', '1971-10-18'),
		('Luca', 'Kraft', 'Auf der Burg 2', 81736, 'LucaKraft@mail.com', '0176554359', 'DE62919748115116254952', 'Accountant', '1964-6-13'),
		('Logan', 'Lutz', 'Auf der Gebind 42', 84154, 'LoganLutz@mail.com', '0176681869', 'DE75249913557445465997', 'Instructor', '2002-9-8'),
		('Lennox', 'Haase', 'August-Bebel-Str. 76', 60180, 'LennoxHaase@mail.com', '0176705872', 'DE39655092331513814860', 'Accountant', '1984-8-26'),
		('Santiago', 'Marx', 'Bachgasse 39', 69643, 'SantiagoMarx@mail.com', '0176222862', 'DE73536950538496402185', 'Accountant', '1987-4-27'),
		('Lenny', 'Michel', 'Bachstr. 47', 34246, 'LennyMichel@mail.com', '0176323080', 'DE73847914467355880325', 'CEO', '1958-2-1'),
		('Sami', 'Schumann', 'Ballhausgasse 7', 13569, 'SamiSchumann@mail.com', '0176328091', 'DE60284841425958486617', 'CEO', '1959-12-27'),
		('Phil', 'Jahn', 'Bauersfeldstr. 50', 25801, 'PhilJahn@mail.com', '0176317536', 'DE68834244679104127971', 'Trainer', '1965-4-26'),
		('Aldrik', 'Sander', 'Beethovenstr. 49', 88187, 'AldrikSander@mail.com', '017640068', 'DE90669083078470537470', 'Housekeeping', '1961-6-11'),
		('Bastian', 'Arndt', 'Berggasse 59', 72217, 'BastianArndt@mail.com', '0176643460', 'DE11397114519471490551', 'Housekeeping', '1964-8-9'),
		('Amir', 'Fiedler', 'Berghoffsweg 37', 48527, 'AmirFiedler@mail.com', '0176808904', 'DE45660806640029081279', 'Accountant', '1957-1-25'),
		('Marlin', 'Reuter', 'Bernhard-Schultze-Str. 94', 86535, 'MarlinReuter@mail.com', '0176654481', 'DE92088818696260056742', 'Trainer', '1978-10-21'),
		('Jason', 'Fritz', 'Bertolt-Brecht-Str. 25', 93803, 'JasonFritz@mail.com', '017642811', 'DE33599036380076232638', 'Accountant', '1959-4-21'),
		('Matheo', 'Eckert', 'Beutenbergstr. 60', 10126, 'MatheoEckert@mail.com', '0176697888', 'DE38053179763698949046', 'Trainer', '1972-11-23');


INSERT INTO trainer (trainer_id, qualifications)
	VALUES (12, "B-Lizenz"),
		(15, "A-Lizenz"),
		(10, "B-Lizenz"),
		(2, "A-Lizenz"),
		(3, "A-Lizenz"),
		(1, "A-Lizenz"),
		(26, "A-Lizenz"),
		(27, "B-Lizenz"),
		(21, "A-Lizenz"),
		(11, "B-Lizenz");
        
        
INSERT INTO trains ()
	VALUES (3, 68),
			(2, 26),
			(26, 2),
			(12, 12),
			(27, 63),
			(11, 3),
			(11, 25),
			(12, 56),
			(21, 66),
			(10, 55),
			(3, 18),
			(12, 14),
			(2, 7),
			(26, 46),
			(2, 13),
			(3, 84);
            
INSERT INTO room(size, room_name)
	VALUES (35, 'cardio'),
		(40, 'changing room'),
		(80, 'lowerbody training'),
		(70, 'upperbody training'),
		(60, 'calisthenics'),
		(25, 'cleaning room'),
		(70, 'jumping'),
		(35, 'reception'),
		(50, 'crossfit'),
		(35, 'flex'),
		(47, 'staff room'),
		(30, 'relax'),
        (100, 'swimming pool'),
        (32, 'sauna'),
        (35, 'solarium');
        
INSERT INTO course(room_id, course_name, course_description)
	VALUES (1, 'Endurance', 'Advanced biking open end.'),
     (1, 'Endurance', 'Slow paced walking open end.'),
     (1, 'Endurance', 'Multi circly training open end.'),
     (7, 'Endurance', 'Jumping with a rope 20 min.'),
     (7, 'Endurance', 'Jumping on a trampoline with music 30 min.'),
     (4, 'Functional', 'Arm functions 20 min.'),
     (4, 'Functional', 'Chest functions 20 min.'),
     (12, 'Stretch', 'Back stretching 20 min.'),
     (12, 'Stretch', 'Shoulder stretching functions 20 min.');
     
INSERT INTO  equipment(room_id, equipment_name, last_maintainance)
	VALUES (4,'Chest Press Machine', '2020-1-25'),
		(4,'Chest Fly Machine', '2019-03-22'),
        (4,'Seated Dip Machine', '2018-06-10'),
        (4,'Bench Press', '2021-01-01'),
        (4,'Incline Bench Press.', '2017-07-10'),
        (4,'Decline Bench Press', '2020-12-12'),
        (4,'Adjustable Bench', '2020-11-03'),
        (NULL,'Adjustable Bench', '2020-11-03'),
        (NULL,'Adjustable Bench', '2020-11-03'),
        (4,'Overhead Press Maschine', '2019-1-12'),
        (4,'Chest Press Machine', '2021-08-22'),
        (5,'Pull Up Bar', '2020-06-29'),
        (5,'Parallettes', '2018-03-25'),
        (5,'Parallettes', '2018-03-25'),
        (5,'Parallettes', '2018-03-25'),
        (NULL,'Parallettes', '2018-03-25'),
        (NULL,'Parallettes', '2018-03-25'),
        (NULL,'Parallettes', '2018-03-25'),
        (7,'Jumping Rope', '2020-05-05'),
        (7,'Jumping Rope', '2020-05-05'),
        (7,'Jumping Rope', '2020-05-05'),
        (7,'Jumping Rope', '2020-05-05'),
        (NULL,'Jumping Rope', '2020-05-05'),
        (NULL,'Jumping Rope', '2020-05-05'),
        (NULL,'Jumping Rope', '2020-05-05'),
        (NULL,'Jumping Rope', '2020-05-05'),
        (3,'Leg Press Machine', '2019-06-03'),
        (3,'Leg Curl Machine', '2020-03-01'),
		(1,'Bicycle', '2019-02-12'),
        (1,'Bicycle', '2019-02-12'),
        (1,'Bicycle', '2019-02-12'),
        (1,'Bicycle', '2019-02-12'),
        (1,'Bicycle', '2019-02-12'),
        (1,'Bicycle', '2019-02-12'),
        (1,'treadmill', '2020-05-07'),
        (1,'treadmill', '2020-05-07'),
        (1,'treadmill', '2020-05-07'),
        (1,'treadmill', '2020-05-07'),
        (1,'treadmill', '2020-05-07'),
        (1,'treadmill', '2020-05-07'),
        (1,'treadmill', '2020-05-07');

INSERT INTO extra (room_id, extra_name)
	VALUES(13, 'swimming pool'),
		(14, 'sauna'),
		(12, 'relax'),
		(15, 'solarium'),
		(8, 'drinks');
            
            
INSERT INTO includes (membership_id, extra_id)
	VALUES(1, 5),
		(2, 5),
        (2, 1),
        (3, 1),
        (3, 5),
        (3, 2),
		(4, 1),
        (4, 5),
        (4, 2),
		(4, 3),
		(5, 1),
        (5, 5),
        (5, 2),
		(5, 3),
        (5, 4);
        
        
INSERT INTO attends (customer_id, course_id)
	VALUES(70, 5),
		(78, 3),
		(41, 4),
		(63, 7),
		(25, 6),
		(22, 1),
		(93, 2),
		(4, 6),
		(78, 9),
		(24, 3),
		(15, 8),
		(41, 5),
		(30, 4),
		(36, 7),
		(97, 4),
		(26, 7),
		(83, 7),
		(9, 5),
		(60, 7),
		(33, 3);

INSERT INTO teaches(trainer_id, course_id)
	VALUES(1, 1),
    (1, 2),
    (10, 3),
    (15, 4),
    (15, 5),
    (27, 6),
    (27, 7),
    (26, 8),
    (12, 8),
    (11, 9),
    (3, 9);
    



    


